,label,tweet,length,tweet_list
0,0,"RT @seungweo: OP meet seungwoo, hangyul, and yuvin at starbucks and got their sign!!ü§ó ",86,"['RT', 'seungweo', 'OP', 'meet', 'seungwoo', 'hangyul', 'yuvin', 'starbucks', 'get', 'sign']"
1,0,"@WE_THE_BOYZ but first, starbucks he said",41,"['WE_THE_BOYZ', 'first', 'starbucks', 'say']"
2,0,Moonpies are okay... but I like Starbucks more.,47,"['Moonpies', 'okay', 'like', 'Starbucks']"
3,1,RT @that1mum: Was just woken up to a call from my child at school asking me to please bring her hot sauce cause she needs it for a presenta‚Ä¶,140,"['RT', 'wake', 'call', 'child', 'school', 'ask', 'please', 'bring', 'hot', 'sauce', 'cause', 'need']"
4,1,RT @AriDrennen: Remember the story about a Starbucks employee writing ‚Äúpig‚Äù on a coffee order for police officers? The employee who did it‚Ä¶,139,"['RT', 'AriDrennen', 'Remember', 'story', 'Starbucks', 'employee', 'write', 'pig', 'coffee', 'order', 'police', 'officer', 'employee']"
5,0,@WE_THE_BOYZ I was waiting for you to actually post a starbucks cup not gonna lie HAHAHA,88,"['WE_THE_BOYZ', 'wait', 'actually', 'post', 'starbucks', 'cup', 'gon', 'na', 'lie', 'HAHAHA']"
6,0,"RT @bombanta: Starbucks putting my tweet in their stores 
https://t.co/bYmJZGKJi0 https://t.co/gk1fg8M06z",105,"['RT', 'bombanta', 'Starbucks', 'put', 'tweet', 'store', 'https', 'https']"
7,0,"@WE_THE_BOYZ Why is this me??? Finding the closest Starbucks in any place i go üòÇüòÇ

Enjoy Europe, love. I can‚Äôt wait‚Ä¶ https://t.co/MOuLD8IuL7",140,"['WE_THE_BOYZ', 'Finding', 'closest', 'Starbucks', 'place', 'go', 'Enjoy', 'Europe', 'love', 'https']"
8,1,RT @AriDrennen: Remember the story about a Starbucks employee writing ‚Äúpig‚Äù on a coffee order for police officers? The employee who did it‚Ä¶,139,"['RT', 'AriDrennen', 'Remember', 'story', 'Starbucks', 'employee', 'write', 'pig', 'coffee', 'order', 'police', 'officer', 'employee']"
9,0,@WE_THE_BOYZ Aka starbucks,26,"['WE_THE_BOYZ', 'Aka', 'starbucks']"
10,1,RT @lgbtqnation: Starbucks fired a trans manager after a cop complained on Facebook about her employee  https://t.co/EHUXmH3pRX,127,"['RT', 'lgbtqnation', 'Starbucks', 'fire', 'trans', 'manager', 'cop', 'complain', 'Facebook', 'employee', 'https']"
11,0,kevin starbucks boi,19,"['kevin', 'starbucks', 'boi']"
12,0,"RT @bombanta: Starbucks putting my tweet in their stores 
https://t.co/bYmJZGKJi0 https://t.co/gk1fg8M06z",105,"['RT', 'bombanta', 'Starbucks', 'put', 'tweet', 'store', 'https', 'https']"
13,0,"RT @bombanta: Starbucks putting my tweet in their stores 
https://t.co/bYmJZGKJi0 https://t.co/gk1fg8M06z",105,"['RT', 'bombanta', 'Starbucks', 'put', 'tweet', 'store', 'https', 'https']"
14,0,"RT @bombanta: Starbucks putting my tweet in their stores 
https://t.co/bYmJZGKJi0 https://t.co/gk1fg8M06z",105,"['RT', 'bombanta', 'Starbucks', 'put', 'tweet', 'store', 'https', 'https']"
15,0,"RT @bombanta: Starbucks putting my tweet in their stores 
https://t.co/bYmJZGKJi0 https://t.co/gk1fg8M06z",105,"['RT', 'bombanta', 'Starbucks', 'put', 'tweet', 'store', 'https', 'https']"
16,0,"RT @ChrisIsaak: ""San Francisco Days"" and ""5:15"" have been added to @Starbucks Coffeehouse playlist on @spotify! Take a listen and also hear‚Ä¶",140,"['RT', 'ChrisIsaak', 'San', 'Francisco', 'Days', 'add', 'Starbucks', 'Coffeehouse', 'playlist', 'spotify', 'Take', 'listen', 'also']"
17,0,If Kevin comes down to Australia imma give him my Starbucks card to get me some points for some free drinks HAHAHAHA,116,"['Kevin', 'come', 'Australia', 'imma', 'give', 'Starbucks', 'card', 'get', 'point', 'free', 'drink', 'HAHAHAHA']"
18,0,Guess whose getting a hot caramel macchiato from Starbucks in the morning üôà,75,"['Guess', 'whose', 'get', 'hot', 'caramel', 'macchiato', 'Starbucks', 'morning']"
19,0,"RT @bombanta: Starbucks putting my tweet in their stores 
https://t.co/bYmJZGKJi0 https://t.co/gk1fg8M06z",105,"['RT', 'bombanta', 'Starbucks', 'put', 'tweet', 'store', 'https', 'https']"
20,1,Just don't take her to starbucks if you never been there at the first place.,76,"['take', 'starbucks', 'never', 'first', 'place']"
21,1,"RT @argumentwinner: not that anybody ever doubted me, but it turns out i was absolutely right about this and it was a plot to get someone f‚Ä¶",140,"['RT', 'argumentwinner', 'anybody', 'ever', 'doubt', 'turn', 'absolutely', 'right', 'plot', 'get', 'someone']"
22,0,You literally had someone walk up to you to give you his number so you won,74,"['literally', 'someone', 'walk', 'give', 'number']"
23,0,"I'm at Starbucks in Kuwait City, KUWAIT https://t.co/odf6JON88O",63,"['Starbucks', 'Kuwait', 'City', 'KUWAIT', 'https']"
24,1,@JChapman1729 And yet the dude at Starbucks would still spell your name wrong.,78,"['yet', 'dude', 'Starbucks', 'would', 'still', 'spell', 'name', 'wrong']"
25,0,"@WE_THE_BOYZ yikeees! Kevs, the new endorser for Starbucks üòÅ",60,"['WE_THE_BOYZ', 'yikeees', 'Kevs', 'new', 'endorser', 'Starbucks']"
26,1,RT @AriDrennen: Remember the story about a Starbucks employee writing ‚Äúpig‚Äù on a coffee order for police officers? The employee who did it‚Ä¶,139,"['RT', 'AriDrennen', 'Remember', 'story', 'Starbucks', 'employee', 'write', 'pig', 'coffee', 'order', 'police', 'officer', 'employee']"
27,0,"@WE_THE_BOYZ green mermaid aka starbucks, okay ü§£üòÇ",49,"['WE_THE_BOYZ', 'green', 'mermaid', 'aka', 'starbucks', 'okay']"
28,0,"RT @bombanta: Starbucks putting my tweet in their stores 
https://t.co/bYmJZGKJi0 https://t.co/gk1fg8M06z",105,"['RT', 'bombanta', 'Starbucks', 'put', 'tweet', 'store', 'https', 'https']"
29,1,@Crmblu I‚ÄôM IN A PUBLIC STARBUCKS PLEASE GIVE ME AN HOUR,56,"['Crmblu', 'PUBLIC', 'STARBUCKS', 'PLEASE', 'GIVE', 'HOUR']"
30,0,"RT @bombanta: Starbucks putting my tweet in their stores 
https://t.co/bYmJZGKJi0 https://t.co/gk1fg8M06z",105,"['RT', 'bombanta', 'Starbucks', 'put', 'tweet', 'store', 'https', 'https']"
31,0,"RT @sayajualrumah: MRT Station : 5 min walking distance.

Amenities Nearby :
AEON Shopping Mall, Giant, Jusco, Speedmart, Pasar Borong Sela‚Ä¶",140,"['RT', 'sayajualrumah', 'MRT', 'Station', 'min', 'walk', 'distance', 'Amenities', 'Nearby', 'AEON', 'Shopping', 'Mall', 'Giant', 'Jusco', 'Speedmart', 'Pasar', 'Borong']"
32,1,My natal chart report says this and this is mfing true because I always scout while my goal is to save.. Or when I‚Ä¶ https://t.co/fGnTikam5n,139,"['natal', 'chart', 'report', 'say', 'mfing', 'true', 'always', 'scout', 'goal', 'save', 'https']"
33,0,RT @aaliyahrndz: Buying me Starbucks will go a long way lmao,60,"['RT', 'aaliyahrndz', 'Buying', 'Starbucks', 'go', 'long', 'way', 'lmao']"
34,0,"I'm at Starbucks KL Eco City in Kuala Lumpur, KL https://t.co/6AP5C0n12e",72,"['Starbucks', 'KL', 'Eco', 'City', 'Kuala', 'Lumpur', 'KL', 'https']"
35,0,"@WE_THE_BOYZ You ü§ù me
Starbucks",31,"['WE_THE_BOYZ', 'Starbucks']"
36,0,"RT @bombanta: Starbucks putting my tweet in their stores 
https://t.co/bYmJZGKJi0 https://t.co/gk1fg8M06z",105,"['RT', 'bombanta', 'Starbucks', 'put', 'tweet', 'store', 'https', 'https']"
37,0,New coffee shop aiming to launch here. Opening right next door to Starbucks. And over the road from Costa. And thir‚Ä¶ https://t.co/ktEkopFLYF,140,"['New', 'coffee', 'shop', 'aim', 'launch', 'Opening', 'right', 'next', 'door', 'Starbucks', 'road', 'Costa', 'https']"
38,1,RT @AriDrennen: Remember the story about a Starbucks employee writing ‚Äúpig‚Äù on a coffee order for police officers? The employee who did it‚Ä¶,139,"['RT', 'AriDrennen', 'Remember', 'story', 'Starbucks', 'employee', 'write', 'pig', 'coffee', 'order', 'police', 'officer', 'employee']"
39,0,"RT @bombanta: Starbucks putting my tweet in their stores 
https://t.co/bYmJZGKJi0 https://t.co/gk1fg8M06z",105,"['RT', 'bombanta', 'Starbucks', 'put', 'tweet', 'store', 'https', 'https']"
40,0,"RT @bombanta: Starbucks putting my tweet in their stores 
https://t.co/bYmJZGKJi0 https://t.co/gk1fg8M06z",105,"['RT', 'bombanta', 'Starbucks', 'put', 'tweet', 'store', 'https', 'https']"
41,1,@WE_THE_BOYZ I might not be a Starbucks barista but I still work at a coffee shop üò™‚úäüèª,85,"['WE_THE_BOYZ', 'might', 'Starbucks', 'barista', 'still', 'work', 'coffee', 'shop']"
42,0,@SlimJim496 loves them ü§¢,24,['love']
43,1,RT @AriDrennen: Remember the story about a Starbucks employee writing ‚Äúpig‚Äù on a coffee order for police officers? The employee who did it‚Ä¶,139,"['RT', 'AriDrennen', 'Remember', 'story', 'Starbucks', 'employee', 'write', 'pig', 'coffee', 'order', 'police', 'officer', 'employee']"
44,0,"RT @bombanta: Starbucks putting my tweet in their stores 
https://t.co/bYmJZGKJi0 https://t.co/gk1fg8M06z",105,"['RT', 'bombanta', 'Starbucks', 'put', 'tweet', 'store', 'https', 'https']"
45,0,"RT @bombanta: Starbucks putting my tweet in their stores 
https://t.co/bYmJZGKJi0 https://t.co/gk1fg8M06z",105,"['RT', 'bombanta', 'Starbucks', 'put', 'tweet', 'store', 'https', 'https']"
46,1,"RT @Ninja: The girls at the Starbucks drive through asked for my name, I said Tyler. Pulled up and saw them talking and smiling and they wr‚Ä¶",140,"['RT', 'Ninja', 'girls', 'Starbucks', 'drive', 'ask', 'name', 'say', 'Tyler', 'Pulled', 'saw', 'talk', 'smile']"
47,0,"RT @bombanta: Starbucks putting my tweet in their stores 
https://t.co/bYmJZGKJi0 https://t.co/gk1fg8M06z",105,"['RT', 'bombanta', 'Starbucks', 'put', 'tweet', 'store', 'https', 'https']"
48,1,RT @Brandon__52: So Starbucks is in target and they said they might be out of honey If you don‚Äôt walk your ass down isle 9 and I done alrea‚Ä¶,140,"['RT', 'Starbucks', 'target', 'say', 'might', 'honey', 'walk', 'ass', 'isle', 'do']"
49,1,RT @AriDrennen: Remember the story about a Starbucks employee writing ‚Äúpig‚Äù on a coffee order for police officers? The employee who did it‚Ä¶,139,"['RT', 'AriDrennen', 'Remember', 'story', 'Starbucks', 'employee', 'write', 'pig', 'coffee', 'order', 'police', 'officer', 'employee']"
50,0,"Check out Starbucks (Jeddah, Makkah) on @FoursquareGuide: https://t.co/UgeIskudrN https://t.co/zWR3srzgWc https://t.co/r5qemyPM4U",129,"['Check', 'Starbucks', 'Jeddah', 'Makkah', 'FoursquareGuide', 'https', 'https', 'https']"
51,0,"RT @bombanta: Starbucks putting my tweet in their stores 
https://t.co/bYmJZGKJi0 https://t.co/gk1fg8M06z",105,"['RT', 'bombanta', 'Starbucks', 'put', 'tweet', 'store', 'https', 'https']"
52,0,i will literally buy you a starbucks building if you want it,60,"['literally', 'buy', 'starbucks', 'build', 'want']"
53,0,"RT @bombanta: Starbucks putting my tweet in their stores 
https://t.co/bYmJZGKJi0 https://t.co/gk1fg8M06z",105,"['RT', 'bombanta', 'Starbucks', 'put', 'tweet', 'store', 'https', 'https']"
54,1,"RT @Ninja: The girls at the Starbucks drive through asked for my name, I said Tyler. Pulled up and saw them talking and smiling and they wr‚Ä¶",140,"['RT', 'Ninja', 'girls', 'Starbucks', 'drive', 'ask', 'name', 'say', 'Tyler', 'Pulled', 'saw', 'talk', 'smile']"
55,0,"which one would you order? üçí

#threads #starbucks #explorepage #aesthetic #drink #starbuckssecretmenu #secret #menu‚Ä¶ https://t.co/EvYQdXg73E",140,"['one', 'would', 'order', 'thread', 'starbucks', 'explorepage', 'aesthetic', 'drink', 'starbuckssecretmenu', 'secret', 'https']"
56,1,"RT @Ninja: The girls at the Starbucks drive through asked for my name, I said Tyler. Pulled up and saw them talking and smiling and they wr‚Ä¶",140,"['RT', 'Ninja', 'girls', 'Starbucks', 'drive', 'ask', 'name', 'say', 'Tyler', 'Pulled', 'saw', 'talk', 'smile']"
57,1,RT @AriDrennen: Remember the story about a Starbucks employee writing ‚Äúpig‚Äù on a coffee order for police officers? The employee who did it‚Ä¶,139,"['RT', 'AriDrennen', 'Remember', 'story', 'Starbucks', 'employee', 'write', 'pig', 'coffee', 'order', 'police', 'officer', 'employee']"
58,0,@seungcobie @WE_THE_BOYZ I SWEAR HE CAN'T GO ANYWHERE WITHOUT DRINKING STARBUCKS,80,"['seungcobie', 'WE_THE_BOYZ', 'SWEAR', 'CA', 'GO', 'ANYWHERE', 'WITHOUT', 'DRINKING', 'STARBUCKS']"
59,0,"RT @bombanta: Starbucks putting my tweet in their stores 
https://t.co/bYmJZGKJi0 https://t.co/gk1fg8M06z",105,"['RT', 'bombanta', 'Starbucks', 'put', 'tweet', 'store', 'https', 'https']"
60,1,"RT @LoreTohsaka: @latewithlilly @NBCUSocialSynch @Starbucks Oh wow, this was so damn cringy lmaooo",98,"['RT', 'LoreTohsaka', 'latewithlilly', 'NBCUSocialSynch', 'Starbucks', 'Oh', 'wow', 'damn', 'cringy', 'lmaooo']"
61,0,RT @d3gonzo: @latewithlilly @NBCUSocialSynch @Starbucks Watch me attempt to work a customer service job. Riveting content...,124,"['RT', 'latewithlilly', 'NBCUSocialSynch', 'Starbucks', 'Watch', 'attempt', 'work', 'customer', 'service', 'job', 'Riveting', 'content']"
62,0,RT @latewithlilly: Lilly decided to take the day off from hosting #LateWithLilly and learn what it takes to be a @Starbucks barista! ‚òïÔ∏è #ad‚Ä¶,140,"['RT', 'latewithlilly', 'Lilly', 'decide', 'take', 'day', 'host', 'LateWithLilly', 'learn', 'take', 'Starbucks', 'barista']"
63,0,A boo who gonna support me being a starbucks addict and take me when I want&gt;&gt;,83,"['boo', 'gon', 'na', 'support', 'starbucks', 'addict', 'take', 'want', 'gt', 'gt']"
64,0,"RT @bombanta: Starbucks putting my tweet in their stores 
https://t.co/bYmJZGKJi0 https://t.co/gk1fg8M06z",105,"['RT', 'bombanta', 'Starbucks', 'put', 'tweet', 'store', 'https', 'https']"
65,0,top 10 questions to ask my college: how do we both have a Starbucks and a Costa cafe when we're the size of a very large highschool?,132,"['top', 'question', 'ask', 'college', 'Starbucks', 'Costa', 'cafe', 'size', 'large', 'highschool']"
66,0,"RT @bombanta: Starbucks putting my tweet in their stores 
https://t.co/bYmJZGKJi0 https://t.co/gk1fg8M06z",105,"['RT', 'bombanta', 'Starbucks', 'put', 'tweet', 'store', 'https', 'https']"
67,0,@WE_THE_BOYZ @_larynn_ every starbucks he probably tried,56,"['WE_THE_BOYZ', 'larynn', 'every', 'starbucks', 'probably', 'try']"
68,0,"RT @Cocoa_Bean10: Now do Muslim religious greetings comrade McPipsqueak

 ... Drinking Barney‚Äôs coffee while I wait https://t.co/joCtZmaQwM",139,"['RT', 'Muslim', 'religious', 'greet', 'comrade', 'McPipsqueak', 'Drinking', 'Barney', 'coffee', 'wait', 'https']"
69,0,"I'm at Starbucks in Jeddah, Makkah https://t.co/Uesfg5WO8n https://t.co/29P6lzU6i0",82,"['Starbucks', 'Jeddah', 'Makkah', 'https', 'https']"
70,0,"RT @bombanta: Starbucks putting my tweet in their stores 
https://t.co/bYmJZGKJi0 https://t.co/gk1fg8M06z",105,"['RT', 'bombanta', 'Starbucks', 'put', 'tweet', 'store', 'https', 'https']"
71,0,"RT @bombanta: Starbucks putting my tweet in their stores 
https://t.co/bYmJZGKJi0 https://t.co/gk1fg8M06z",105,"['RT', 'bombanta', 'Starbucks', 'put', 'tweet', 'store', 'https', 'https']"
72,1,RT @AriDrennen: Remember the story about a Starbucks employee writing ‚Äúpig‚Äù on a coffee order for police officers? The employee who did it‚Ä¶,139,"['RT', 'AriDrennen', 'Remember', 'story', 'Starbucks', 'employee', 'write', 'pig', 'coffee', 'order', 'police', 'officer', 'employee']"
73,0,"RT @bombanta: Starbucks putting my tweet in their stores 
https://t.co/bYmJZGKJi0 https://t.co/gk1fg8M06z",105,"['RT', 'bombanta', 'Starbucks', 'put', 'tweet', 'store', 'https', 'https']"
74,0,"RT @bombanta: Starbucks putting my tweet in their stores 
https://t.co/bYmJZGKJi0 https://t.co/gk1fg8M06z",105,"['RT', 'bombanta', 'Starbucks', 'put', 'tweet', 'store', 'https', 'https']"
75,1,RT @AriDrennen: Remember the story about a Starbucks employee writing ‚Äúpig‚Äù on a coffee order for police officers? The employee who did it‚Ä¶,139,"['RT', 'AriDrennen', 'Remember', 'story', 'Starbucks', 'employee', 'write', 'pig', 'coffee', 'order', 'police', 'officer', 'employee']"
76,1,@whippedforkev @WE_THE_BOYZ starbucks is constantly coursing through his veins,78,"['whippedforkev', 'WE_THE_BOYZ', 'starbucks', 'constantly', 'course', 'vein']"
77,1,"RT @argumentwinner: not that anybody ever doubted me, but it turns out i was absolutely right about this and it was a plot to get someone f‚Ä¶",140,"['RT', 'argumentwinner', 'anybody', 'ever', 'doubt', 'turn', 'absolutely', 'right', 'plot', 'get', 'someone']"
78,0,also me walking into starbucks with a bunch of greggs doughnuts for a coffee although i couldve got one for mad che‚Ä¶ https://t.co/BO1EVPkuz6,140,"['also', 'walk', 'starbucks', 'bunch', 'greggs', 'doughnuts', 'coffee', 'although', 'couldve', 'get', 'one', 'mad', 'https']"
79,0,"RT @bombanta: Starbucks putting my tweet in their stores 
https://t.co/bYmJZGKJi0 https://t.co/gk1fg8M06z",105,"['RT', 'bombanta', 'Starbucks', 'put', 'tweet', 'store', 'https', 'https']"
80,1,RT @AriDrennen: Remember the story about a Starbucks employee writing ‚Äúpig‚Äù on a coffee order for police officers? The employee who did it‚Ä¶,139,"['RT', 'AriDrennen', 'Remember', 'story', 'Starbucks', 'employee', 'write', 'pig', 'coffee', 'order', 'police', 'officer', 'employee']"
81,1,the way im crying in Starbucks rn,33,"['way', 'im', 'cry', 'Starbucks', 'rn']"
82,1,RT @AriDrennen: Remember the story about a Starbucks employee writing ‚Äúpig‚Äù on a coffee order for police officers? The employee who did it‚Ä¶,139,"['RT', 'AriDrennen', 'Remember', 'story', 'Starbucks', 'employee', 'write', 'pig', 'coffee', 'order', 'police', 'officer', 'employee']"
83,1,RT @ohhoe: @TIME People in the replies mad about this are the same type of people who get mad when Starbucks removed Christmas from their c‚Ä¶,140,"['RT', 'ohhoe', 'TIME', 'People', 'reply', 'mad', 'type', 'people', 'get', 'mad', 'Starbucks', 'remove', 'Christmas']"
84,1,RT @AriDrennen: Remember the story about a Starbucks employee writing ‚Äúpig‚Äù on a coffee order for police officers? The employee who did it‚Ä¶,139,"['RT', 'AriDrennen', 'Remember', 'story', 'Starbucks', 'employee', 'write', 'pig', 'coffee', 'order', 'police', 'officer', 'employee']"
85,0,"Unlimited coffee! ü•∞ (@ Starbucks in Amsterdam, Noord-Holland) https://t.co/GuudqhkbB9",85,"['Unlimited', 'coffee', 'Starbucks', 'Amsterdam', 'https']"
86,0,"Need a very hot drink here -15c hiking to and from Genghis Khan Square (@ Starbucks in Xilin Gol, Nei Mongol) https://t.co/ErzQIcagtK",133,"['Need', 'hot', 'drink', 'hike', 'Genghis', 'Khan', 'Square', 'Starbucks', 'Xilin', 'Gol', 'Nei', 'Mongol', 'https']"
87,0,"RT @bombanta: Starbucks putting my tweet in their stores 
https://t.co/bYmJZGKJi0 https://t.co/gk1fg8M06z",105,"['RT', 'bombanta', 'Starbucks', 'put', 'tweet', 'store', 'https', 'https']"
88,0,"RT @bombanta: Starbucks putting my tweet in their stores 
https://t.co/bYmJZGKJi0 https://t.co/gk1fg8M06z",105,"['RT', 'bombanta', 'Starbucks', 'put', 'tweet', 'store', 'https', 'https']"
89,0,i spend rm30 at starbucks today just for myself. some guy bawa rm20 to starbucks for first date? hm,99,"['spend', 'starbucks', 'today', 'guy', 'bawa', 'starbucks', 'first', 'date', 'hm']"
90,0,"RT @bombanta: Starbucks putting my tweet in their stores 
https://t.co/bYmJZGKJi0 https://t.co/gk1fg8M06z",105,"['RT', 'bombanta', 'Starbucks', 'put', 'tweet', 'store', 'https', 'https']"
91,0,#Starbucks uk wankers not enough eggnog around,46,"['Starbucks', 'uk', 'wankers', 'enough', 'eggnog', 'around']"
92,1,I really hope Starbucks corporate is looking into this situation &amp; correcting it now that the truth is out. The wom‚Ä¶ https://t.co/tpjQznoV39,144,"['really', 'hope', 'Starbucks', 'corporate', 'look', 'situation', 'amp', 'correct', 'truth', 'https']"
93,0,"I'm at Starbucks in Al Jubayl Industrial City, Ash Sharqiyah https://t.co/eZRx91yJ17",84,"['Starbucks', 'Al', 'Jubayl', 'Industrial', 'City', 'Ash', 'Sharqiyah', 'https']"
94,1,"RT @argumentwinner: not that anybody ever doubted me, but it turns out i was absolutely right about this and it was a plot to get someone f‚Ä¶",140,"['RT', 'argumentwinner', 'anybody', 'ever', 'doubt', 'turn', 'absolutely', 'right', 'plot', 'get', 'someone']"
95,1,RT @AriDrennen: Remember the story about a Starbucks employee writing ‚Äúpig‚Äù on a coffee order for police officers? The employee who did it‚Ä¶,139,"['RT', 'AriDrennen', 'Remember', 'story', 'Starbucks', 'employee', 'write', 'pig', 'coffee', 'order', 'police', 'officer', 'employee']"
96,0,"met in my freshman year, loved his personality but didn‚Äôt say anything lol, starting talking in my sophomore year w‚Ä¶ https://t.co/5VMBb3TL4f",140,"['meet', 'freshman', 'year', 'love', 'personality', 'say', 'anything', 'lol', 'start', 'talk', 'sophomore', 'year', 'https']"
97,1,like it feels UNNECESSARY we also have an actual college institution food place but. we straight up just have a cos‚Ä¶ https://t.co/OfDGurnzaM,140,"['like', 'feel', 'UNNECESSARY', 'also', 'actual', 'college', 'institution', 'food', 'place', 'straight', 'https']"
98,0,"RT @bombanta: Starbucks putting my tweet in their stores 
https://t.co/bYmJZGKJi0 https://t.co/gk1fg8M06z",105,"['RT', 'bombanta', 'Starbucks', 'put', 'tweet', 'store', 'https', 'https']"
99,0,"RT @bombanta: Starbucks putting my tweet in their stores 
https://t.co/bYmJZGKJi0 https://t.co/gk1fg8M06z",105,"['RT', 'bombanta', 'Starbucks', 'put', 'tweet', 'store', 'https', 'https']"
100,0,"RT @bombanta: Starbucks putting my tweet in their stores 
https://t.co/bYmJZGKJi0 https://t.co/gk1fg8M06z",105,"['RT', 'bombanta', 'Starbucks', 'put', 'tweet', 'store', 'https', 'https']"
101,1,"i feel betrayed, we hate starbucks in this household",52,"['feel', 'betray', 'hate', 'starbucks', 'household']"
102,1,"RT @argumentwinner: not that anybody ever doubted me, but it turns out i was absolutely right about this and it was a plot to get someone f‚Ä¶",140,"['RT', 'argumentwinner', 'anybody', 'ever', 'doubt', 'turn', 'absolutely', 'right', 'plot', 'get', 'someone']"
103,0,"My opinion?

While I understand the point the poster is trying to make, in reality, giving is giving. I treat mysel‚Ä¶ https://t.co/PlYIQgyrnv",140,"['opinion', 'understand', 'point', 'poster', 'try', 'make', 'reality', 'give', 'give', 'treat', 'https']"
104,0,"RT @bombanta: Starbucks putting my tweet in their stores 
https://t.co/bYmJZGKJi0 https://t.co/gk1fg8M06z",105,"['RT', 'bombanta', 'Starbucks', 'put', 'tweet', 'store', 'https', 'https']"
105,1,RT @AriDrennen: Remember the story about a Starbucks employee writing ‚Äúpig‚Äù on a coffee order for police officers? The employee who did it‚Ä¶,139,"['RT', 'AriDrennen', 'Remember', 'story', 'Starbucks', 'employee', 'write', 'pig', 'coffee', 'order', 'police', 'officer', 'employee']"
106,0,"STARBUCKS 
RESERVE ROASTERY TOKYO

#Starbucks #coffee https://t.co/OywpqfzdrL",77,"['STARBUCKS', 'RESERVE', 'ROASTERY', 'TOKYO', 'Starbucks', 'coffee', 'https']"
107,0,I'm at Starbucks - @rramhkwt https://t.co/awwzKBIlsr,52,"['Starbucks', 'rramhkwt', 'https']"
108,0,"RT @AmyyyRosee: Really in need of coffee, someone bring me a Starbucks please and thank you üòçü§§‚òïÔ∏è",96,"['RT', 'AmyyyRosee', 'Really', 'need', 'coffee', 'someone', 'bring', 'Starbucks', 'please', 'thank']"
109,1,"RT @Ninja: The girls at the Starbucks drive through asked for my name, I said Tyler. Pulled up and saw them talking and smiling and they wr‚Ä¶",140,"['RT', 'Ninja', 'girls', 'Starbucks', 'drive', 'ask', 'name', 'say', 'Tyler', 'Pulled', 'saw', 'talk', 'smile']"
110,1,RT @AriDrennen: Remember the story about a Starbucks employee writing ‚Äúpig‚Äù on a coffee order for police officers? The employee who did it‚Ä¶,139,"['RT', 'AriDrennen', 'Remember', 'story', 'Starbucks', 'employee', 'write', 'pig', 'coffee', 'order', 'police', 'officer', 'employee']"
111,1,"RT @argumentwinner: not that anybody ever doubted me, but it turns out i was absolutely right about this and it was a plot to get someone f‚Ä¶",140,"['RT', 'argumentwinner', 'anybody', 'ever', 'doubt', 'turn', 'absolutely', 'right', 'plot', 'get', 'someone']"
112,1,"RT @argumentwinner: not that anybody ever doubted me, but it turns out i was absolutely right about this and it was a plot to get someone f‚Ä¶",140,"['RT', 'argumentwinner', 'anybody', 'ever', 'doubt', 'turn', 'absolutely', 'right', 'plot', 'get', 'someone']"
113,0,"RT @bombanta: Starbucks putting my tweet in their stores 
https://t.co/bYmJZGKJi0 https://t.co/gk1fg8M06z",105,"['RT', 'bombanta', 'Starbucks', 'put', 'tweet', 'store', 'https', 'https']"
114,1,"RT @argumentwinner: not that anybody ever doubted me, but it turns out i was absolutely right about this and it was a plot to get someone f‚Ä¶",140,"['RT', 'argumentwinner', 'anybody', 'ever', 'doubt', 'turn', 'absolutely', 'right', 'plot', 'get', 'someone']"
115,0,Still with starbucks,20,"['Still', 'starbucks']"
116,0,RT @MissOMara: someone started one!! https://t.co/DedgkykxDk,60,"['RT', 'MissOMara', 'someone', 'start', 'one', 'https']"
117,0,"RT @jeonykook: me: *studying Japanese*
person at Starbucks: ‚Äúoh my gosh is that precalculus? Good luck!‚Äù",104,"['RT', 'jeonykook', 'study', 'Japanese', 'person', 'Starbucks', 'oh', 'gosh', 'precalculus', 'Good', 'luck']"
118,0,"RT @AdotGif: Thanks for the shout-out on the pod, @Chad_Sowash! IDK how ""legit"" I am, but in addition to the @ForbesCommCncl stuff, I do Di‚Ä¶",140,"['RT', 'AdotGif', 'Thanks', 'pod', 'Chad_Sowash', 'IDK', 'legit', 'addition', 'ForbesCommCncl', 'stuff']"
119,0,"STARBUCKS 
RESERVE ROASTERY TOKYO

#Starbucks #coffee https://t.co/P8qDNeTn6V",77,"['STARBUCKS', 'RESERVE', 'ROASTERY', 'TOKYO', 'Starbucks', 'coffee', 'https']"
120,1,"RT @argumentwinner: not that anybody ever doubted me, but it turns out i was absolutely right about this and it was a plot to get someone f‚Ä¶",140,"['RT', 'argumentwinner', 'anybody', 'ever', 'doubt', 'turn', 'absolutely', 'right', 'plot', 'get', 'someone']"
121,0,"RT @bombanta: Starbucks putting my tweet in their stores 
https://t.co/bYmJZGKJi0 https://t.co/gk1fg8M06z",105,"['RT', 'bombanta', 'Starbucks', 'put', 'tweet', 'store', 'https', 'https']"
122,0,"RT @bombanta: Starbucks putting my tweet in their stores 
https://t.co/bYmJZGKJi0 https://t.co/gk1fg8M06z",105,"['RT', 'bombanta', 'Starbucks', 'put', 'tweet', 'store', 'https', 'https']"
123,0,"RT @bombanta: Starbucks putting my tweet in their stores 
https://t.co/bYmJZGKJi0 https://t.co/gk1fg8M06z",105,"['RT', 'bombanta', 'Starbucks', 'put', 'tweet', 'store', 'https', 'https']"
124,0,Ordering my Starbucks from the app as I enter the store is üòÅ. Queue for who,75,"['Ordering', 'Starbucks', 'app', 'enter', 'store', 'Queue']"
125,1,"RT @argumentwinner: not that anybody ever doubted me, but it turns out i was absolutely right about this and it was a plot to get someone f‚Ä¶",140,"['RT', 'argumentwinner', 'anybody', 'ever', 'doubt', 'turn', 'absolutely', 'right', 'plot', 'get', 'someone']"
126,0,I‚Äôm convinced Starbucks only make hot chocolate.,48,"['convince', 'Starbucks', 'make', 'hot', 'chocolate']"
127,1,"RT @argumentwinner: not that anybody ever doubted me, but it turns out i was absolutely right about this and it was a plot to get someone f‚Ä¶",140,"['RT', 'argumentwinner', 'anybody', 'ever', 'doubt', 'turn', 'absolutely', 'right', 'plot', 'get', 'someone']"
128,0,RT @dugglebutt: What I see when I turn around waiting in line at Starbucks https://t.co/URU4z47h7H,98,"['RT', 'dugglebutt', 'see', 'turn', 'around', 'wait', 'line', 'Starbucks', 'https']"
129,1,All I‚Äôm asking for is a Starbucks within 3 mins of my house. I‚Äôm a simple woman.,80,"['ask', 'Starbucks', 'within', 'mins', 'house', 'simple', 'woman']"
130,0,"RT @bombanta: Starbucks putting my tweet in their stores 
https://t.co/bYmJZGKJi0 https://t.co/gk1fg8M06z",105,"['RT', 'bombanta', 'Starbucks', 'put', 'tweet', 'store', 'https', 'https']"
131,0,"RT @bombanta: Starbucks putting my tweet in their stores 
https://t.co/bYmJZGKJi0 https://t.co/gk1fg8M06z",105,"['RT', 'bombanta', 'Starbucks', 'put', 'tweet', 'store', 'https', 'https']"
132,1,RT @Indian_paradox: Fucking Privileged kids sitting in Starbucks telling the rural crowd why they are dumb c*nts for voting BJP. Reading In‚Ä¶,140,"['RT', 'Indian_paradox', 'Fucking', 'Privileged', 'kid', 'sit', 'Starbucks', 'tell', 'rural', 'crowd', 'dumb', 'vote', 'BJP', 'Reading']"
133,1,@Kentswingersuk Might get me thrown out of Starbucks!,53,"['Kentswingersuk', 'Might', 'get', 'throw', 'Starbucks']"
134,0,"Looking to join Starbucks, MDLZ (@MDLZ), or Martin Brower UK (@MBHires)? View 26 openings from these companies and more.",120,"['Looking', 'join', 'Starbucks', 'MDLZ', 'MDLZ', 'Martin', 'Brower', 'UK', 'MBHires', 'View', 'open', 'company']"
135,1,based on my friends experiences....Starbucks needs to stop treating their employees like shit.,94,"['base', 'friends', 'experience', 'Starbucks', 'need', 'stop', 'treat', 'employees', 'like', 'shit']"
136,1,@CutieWhales Pas Starbucks juste drama haha https://t.co/2wDdLGQjyY,67,"['CutieWhales', 'Pas', 'Starbucks', 'juste', 'drama', 'haha', 'https']"
137,0,"RT @bombanta: Starbucks putting my tweet in their stores 
https://t.co/bYmJZGKJi0 https://t.co/gk1fg8M06z",105,"['RT', 'bombanta', 'Starbucks', 'put', 'tweet', 'store', 'https', 'https']"
138,0,"RT @bombanta: Starbucks putting my tweet in their stores 
https://t.co/bYmJZGKJi0 https://t.co/gk1fg8M06z",105,"['RT', 'bombanta', 'Starbucks', 'put', 'tweet', 'store', 'https', 'https']"
139,0,"I'm at @Starbucks in Dammam, eastern https://t.co/dLGrfM6vpO",60,"['Starbucks', 'Dammam', 'eastern', 'https']"
140,1,RT @AriDrennen: Remember the story about a Starbucks employee writing ‚Äúpig‚Äù on a coffee order for police officers? The employee who did it‚Ä¶,139,"['RT', 'AriDrennen', 'Remember', 'story', 'Starbucks', 'employee', 'write', 'pig', 'coffee', 'order', 'police', 'officer', 'employee']"
141,0,Did you know that #Starbucks is now open at The Pavilion? Great news for Westville shoppers who need to refuel this‚Ä¶ https://t.co/R5ulTHATFi,140,"['know', 'Starbucks', 'open', 'Pavilion', 'Great', 'news', 'Westville', 'shoppers', 'need', 'refuel', 'https']"
142,0,"RT @SilentAdmirer_8: Hey guys, if you happen to go on a roadtrip in Tagaytay and you are looking for a coffee shop, try to visit Dreamland‚Ä¶",139,"['RT', 'Hey', 'guy', 'happen', 'go', 'roadtrip', 'Tagaytay', 'look', 'coffee', 'shop', 'try', 'visit']"
143,0,"RT @bombanta: Starbucks putting my tweet in their stores 
https://t.co/bYmJZGKJi0 https://t.co/gk1fg8M06z",105,"['RT', 'bombanta', 'Starbucks', 'put', 'tweet', 'store', 'https', 'https']"
144,1,RT @AriDrennen: Remember the story about a Starbucks employee writing ‚Äúpig‚Äù on a coffee order for police officers? The employee who did it‚Ä¶,139,"['RT', 'AriDrennen', 'Remember', 'story', 'Starbucks', 'employee', 'write', 'pig', 'coffee', 'order', 'police', 'officer', 'employee']"
145,1,"RT @RachieBabe079: Tried this coffee at nfr in vegas last week. DELICIOUS!

Veteran-owned coffee company donates to Oklahoma police bashed‚Ä¶",139,"['RT', 'Tried', 'coffee', 'nfr', 'vegas', 'last', 'week', 'DELICIOUS', 'coffee', 'company', 'donate', 'Oklahoma', 'police']"
146,0,2 more drinks to get the Starbucks Planner üí™üèª,45,"['drink', 'get', 'Starbucks', 'Planner']"
147,0,"Had a can of StarBucks coffee in my backpack a month ago at work. Set it harder than I thought on a desk, the can s‚Ä¶ https://t.co/UB1MEq6QNE",140,"['StarBucks', 'coffee', 'backpack', 'month', 'ago', 'work', 'Set', 'harder', 'think', 'desk', 'https']"
148,1,It‚Äôs only 9:45 and all these coughing office fucks are already here at Starbucks not letting me concentrate on work üò≠,117,"['cough', 'office', 'fuck', 'already', 'Starbucks', 'let', 'concentrate', 'work']"
149,1,"RT @argumentwinner: not that anybody ever doubted me, but it turns out i was absolutely right about this and it was a plot to get someone f‚Ä¶",140,"['RT', 'argumentwinner', 'anybody', 'ever', 'doubt', 'turn', 'absolutely', 'right', 'plot', 'get', 'someone']"
150,0,"RT @softendear: a fan told ten to eat fruits yesterday, ten said he doesn't want too but instead he's drinking fruit juices from starbucks‚Ä¶",139,"['RT', 'softendear', 'fan', 'tell', 'ten', 'eat', 'fruit', 'yesterday', 'ten', 'say', 'want', 'instead', 'drink', 'fruit', 'juices']"
151,0,@kawisabee @timneroz @argumentwinner https://t.co/m4XWjIH7Iq in this story,74,"['kawisabee', 'timneroz', 'argumentwinner', 'https', 'story']"
152,1,"RT @argumentwinner: not that anybody ever doubted me, but it turns out i was absolutely right about this and it was a plot to get someone f‚Ä¶",140,"['RT', 'argumentwinner', 'anybody', 'ever', 'doubt', 'turn', 'absolutely', 'right', 'plot', 'get', 'someone']"
153,0,"Looking for Part Time work?

We have a vacancy with @Aramark on our Starbucks Counter in the Atrium! 

Interested?‚Ä¶ https://t.co/VUYw1WGNCR",139,"['Looking', 'Part', 'Time', 'work', 'vacancy', 'Aramark', 'Starbucks', 'Counter', 'Atrium', 'Interested', 'https']"
154,0,"RT @bombanta: Starbucks putting my tweet in their stores 
https://t.co/bYmJZGKJi0 https://t.co/gk1fg8M06z",105,"['RT', 'bombanta', 'Starbucks', 'put', 'tweet', 'store', 'https', 'https']"
155,0,"RT @bombanta: Starbucks putting my tweet in their stores 
https://t.co/bYmJZGKJi0 https://t.co/gk1fg8M06z",105,"['RT', 'bombanta', 'Starbucks', 'put', 'tweet', 'store', 'https', 'https']"
156,0,"RT @bombanta: Starbucks putting my tweet in their stores 
https://t.co/bYmJZGKJi0 https://t.co/gk1fg8M06z",105,"['RT', 'bombanta', 'Starbucks', 'put', 'tweet', 'store', 'https', 'https']"
157,1,"RT @theblackdetour: Black Couple Purchased North Carolina Retail Strip Center¬†That Holds Starbucks and Buffalo Wild Wings 

https://t.co/L4‚Ä¶",140,"['RT', 'theblackdetour', 'Black', 'Couple', 'Purchased', 'North', 'Carolina', 'Retail', 'Strip', 'Center', 'Holds', 'Starbucks', 'Buffalo', 'Wild', 'Wings', 'https']"
158,1,RT @AriDrennen: Remember the story about a Starbucks employee writing ‚Äúpig‚Äù on a coffee order for police officers? The employee who did it‚Ä¶,139,"['RT', 'AriDrennen', 'Remember', 'story', 'Starbucks', 'employee', 'write', 'pig', 'coffee', 'order', 'police', 'officer', 'employee']"
159,1,Starbucks marketing team is shaking üòÇ,37,"['Starbucks', 'market', 'team', 'shake']"
160,1,RT @awjiminie: yoongi is literally The Caffeinated College Gay‚Ñ¢Ô∏è that is always running late to class but somehow has enough time to pick u‚Ä¶,140,"['RT', 'awjiminie', 'yoongi', 'literally', 'Caffeinated', 'College', 'always', 'run', 'late', 'class', 'somehow', 'enough', 'time', 'pick']"
161,0,"RT @bombanta: Starbucks putting my tweet in their stores 
https://t.co/bYmJZGKJi0 https://t.co/gk1fg8M06z",105,"['RT', 'bombanta', 'Starbucks', 'put', 'tweet', 'store', 'https', 'https']"
162,0,"RT @bombanta: Starbucks putting my tweet in their stores 
https://t.co/bYmJZGKJi0 https://t.co/gk1fg8M06z",105,"['RT', 'bombanta', 'Starbucks', 'put', 'tweet', 'store', 'https', 'https']"
163,1,RT @AriDrennen: Remember the story about a Starbucks employee writing ‚Äúpig‚Äù on a coffee order for police officers? The employee who did it‚Ä¶,139,"['RT', 'AriDrennen', 'Remember', 'story', 'Starbucks', 'employee', 'write', 'pig', 'coffee', 'order', 'police', 'officer', 'employee']"
164,0,@ruvbyjane starbucks sayang,27,"['ruvbyjane', 'starbucks', 'sayang']"
165,1,RT @MuellerDad69: I‚Äôm the manager of a Starbucks in Charlotte NC. I have informed my employees that they will be fired on the spot if I hea‚Ä¶,140,"['RT', 'manager', 'Starbucks', 'Charlotte', 'NC', 'inform', 'employees', 'fire', 'spot']"
166,0,"RT @RachieBabe079: Tried this coffee at nfr in vegas last week. DELICIOUS!

Veteran-owned coffee company donates to Oklahoma police bashed‚Ä¶",139,"['RT', 'Tried', 'coffee', 'nfr', 'vegas', 'last', 'week', 'DELICIOUS', 'coffee', 'company', 'donate', 'Oklahoma', 'police']"
167,1,"I may blow up the world, I may not. Depending on what mood I am and how long I have to wait for Starbucks https://t.co/9HSUDZeq4c",129,"['may', 'blow', 'world', 'may', 'Depending', 'mood', 'long', 'wait', 'Starbucks', 'https']"
168,0,"RT @RNTata2000: The crowd of people on launch day showed that it wasn‚Äôt just about the coffee, but also about relationships. Wishing @Starb‚Ä¶",140,"['RT', 'crowd', 'people', 'launch', 'day', 'show', 'coffee', 'also', 'relationships', 'Wishing']"
169,0,"I'm at Starbucks in Kuwait, Hawalli Governorate https://t.co/XOvKMVxmLr",71,"['Starbucks', 'Kuwait', 'Hawalli', 'Governorate', 'https']"
170,0,"RT @bombanta: Starbucks putting my tweet in their stores 
https://t.co/bYmJZGKJi0 https://t.co/gk1fg8M06z",105,"['RT', 'bombanta', 'Starbucks', 'put', 'tweet', 'store', 'https', 'https']"
171,1,"RT @argumentwinner: not that anybody ever doubted me, but it turns out i was absolutely right about this and it was a plot to get someone f‚Ä¶",140,"['RT', 'argumentwinner', 'anybody', 'ever', 'doubt', 'turn', 'absolutely', 'right', 'plot', 'get', 'someone']"
172,0,@ starbucks   contrata,22,"['starbucks', 'contrata']"
173,1,RT @argumentwinner: starbucks has a profanity filter in place to prevent things like this from happening. the only way for the name ‚Äúpig‚Äù t‚Ä¶,140,"['RT', 'argumentwinner', 'starbucks', 'profanity', 'filter', 'place', 'prevent', 'things', 'like', 'happen', 'way', 'name', 'pig']"
174,0,Check out what I just added to my closet on Poshmark: Starbucks Holiday Platinum Studded Tumbler.‚Ä¶ https://t.co/s4Z07Zbymi,122,"['Check', 'add', 'closet', 'Poshmark', 'Starbucks', 'Holiday', 'Platinum', 'Studded', 'https']"
175,0,"RT @bombanta: Starbucks putting my tweet in their stores 
https://t.co/bYmJZGKJi0 https://t.co/gk1fg8M06z",105,"['RT', 'bombanta', 'Starbucks', 'put', 'tweet', 'store', 'https', 'https']"
176,1,RT @AriDrennen: Remember the story about a Starbucks employee writing ‚Äúpig‚Äù on a coffee order for police officers? The employee who did it‚Ä¶,139,"['RT', 'AriDrennen', 'Remember', 'story', 'Starbucks', 'employee', 'write', 'pig', 'coffee', 'order', 'police', 'officer', 'employee']"
177,0,@HeatherEllayes EVERYTHING FOR STARBUCKS,40,"['HeatherEllayes', 'EVERYTHING', 'STARBUCKS']"
178,0,Check out what I just added to my closet on Poshmark: Starbucks Holiday Pink Studded Tumbler.‚Ä¶ https://t.co/IXIkZwseQF,118,"['Check', 'add', 'closet', 'Poshmark', 'Starbucks', 'Holiday', 'Pink', 'Studded', 'https']"
179,1,"lowkey want a job at starbucks, i know this is the most random thing ever but i miss making coffee",98,"['lowkey', 'want', 'job', 'starbucks', 'know', 'random', 'thing', 'ever', 'miss', 'make', 'coffee']"
180,1,"RT @chadfelixg: *who wrote ""PIG"" on the police officer's coffee cups and also her being trans was 100% irrelevant. üôÑ https://t.co/m0zhz5aGFq",140,"['RT', 'chadfelixg', 'write', 'PIG', 'police', 'officer', 'coffee', 'cup', 'also', 'trans', 'irrelevant', 'https']"
181,1,RT @AriDrennen: Remember the story about a Starbucks employee writing ‚Äúpig‚Äù on a coffee order for police officers? The employee who did it‚Ä¶,139,"['RT', 'AriDrennen', 'Remember', 'story', 'Starbucks', 'employee', 'write', 'pig', 'coffee', 'order', 'police', 'officer', 'employee']"
182,1,"RT @Ninja: The girls at the Starbucks drive through asked for my name, I said Tyler. Pulled up and saw them talking and smiling and they wr‚Ä¶",140,"['RT', 'Ninja', 'girls', 'Starbucks', 'drive', 'ask', 'name', 'say', 'Tyler', 'Pulled', 'saw', 'talk', 'smile']"
183,1,RT @AriDrennen: Remember the story about a Starbucks employee writing ‚Äúpig‚Äù on a coffee order for police officers? The employee who did it‚Ä¶,139,"['RT', 'AriDrennen', 'Remember', 'story', 'Starbucks', 'employee', 'write', 'pig', 'coffee', 'order', 'police', 'officer', 'employee']"
184,1,RT @AriDrennen: Remember the story about a Starbucks employee writing ‚Äúpig‚Äù on a coffee order for police officers? The employee who did it‚Ä¶,139,"['RT', 'AriDrennen', 'Remember', 'story', 'Starbucks', 'employee', 'write', 'pig', 'coffee', 'order', 'police', 'officer', 'employee']"
185,1,"RT @argumentwinner: not that anybody ever doubted me, but it turns out i was absolutely right about this and it was a plot to get someone f‚Ä¶",140,"['RT', 'argumentwinner', 'anybody', 'ever', 'doubt', 'turn', 'absolutely', 'right', 'plot', 'get', 'someone']"
186,0,I'm at Starbucks in ÿßŸÑÿ±Ÿäÿßÿ∂ https://t.co/Vilfluc8l1,50,"['Starbucks', 'ÿßŸÑÿ±Ÿäÿßÿ∂', 'https']"
187,0,"RT @bombanta: Starbucks putting my tweet in their stores 
https://t.co/bYmJZGKJi0 https://t.co/gk1fg8M06z",105,"['RT', 'bombanta', 'Starbucks', 'put', 'tweet', 'store', 'https', 'https']"
188,0,"RT @bombanta: Starbucks putting my tweet in their stores 
https://t.co/bYmJZGKJi0 https://t.co/gk1fg8M06z",105,"['RT', 'bombanta', 'Starbucks', 'put', 'tweet', 'store', 'https', 'https']"
189,0,"RT @bombanta: Starbucks putting my tweet in their stores 
https://t.co/bYmJZGKJi0 https://t.co/gk1fg8M06z",105,"['RT', 'bombanta', 'Starbucks', 'put', 'tweet', 'store', 'https', 'https']"
190,1,"this is a bit old but somehow I just came across it and recommend it for a coffee-break-read: https://t.co/MVV2xc1GTF
#Election2020",131,"['bite', 'old', 'somehow', 'come', 'across', 'recommend', 'https']"
191,0,"RT @bombanta: Starbucks putting my tweet in their stores 
https://t.co/bYmJZGKJi0 https://t.co/gk1fg8M06z",105,"['RT', 'bombanta', 'Starbucks', 'put', 'tweet', 'store', 'https', 'https']"
192,1,"@IDONTLIKECARS1 ""don't apologize, kid, it's okay."" 

he looked around. they weren't too far from the starbucks, he‚Ä¶ https://t.co/9y5AaZEGpm",139,"['apologize', 'kid', 'okay', 'look', 'around', 'far', 'starbucks', 'https']"
193,1,RT @Iasshoe: white girls @ starbucks b like : lemme get uh https://t.co/Jz2QtmpImG,82,"['RT', 'Iasshoe', 'white', 'girls', 'starbucks', 'b', 'like', 'lem', 'get', 'uh', 'https']"
194,0,"Been drinking this coffee for a couple years. Custom roasted to your tastes. They support  2A rights 
If you buy fr‚Ä¶ https://t.co/dUcfXbvnOa",140,"['drink', 'coffee', 'couple', 'years', 'Custom', 'roast', 'taste', 'support', 'right', 'buy', 'https']"
195,1,RT @AriDrennen: Remember the story about a Starbucks employee writing ‚Äúpig‚Äù on a coffee order for police officers? The employee who did it‚Ä¶,139,"['RT', 'AriDrennen', 'Remember', 'story', 'Starbucks', 'employee', 'write', 'pig', 'coffee', 'order', 'police', 'officer', 'employee']"
196,0,"RT @bombanta: Starbucks putting my tweet in their stores 
https://t.co/bYmJZGKJi0 https://t.co/gk1fg8M06z",105,"['RT', 'bombanta', 'Starbucks', 'put', 'tweet', 'store', 'https', 'https']"
197,1,RT @AriDrennen: Remember the story about a Starbucks employee writing ‚Äúpig‚Äù on a coffee order for police officers? The employee who did it‚Ä¶,139,"['RT', 'AriDrennen', 'Remember', 'story', 'Starbucks', 'employee', 'write', 'pig', 'coffee', 'order', 'police', 'officer', 'employee']"
198,1,"RT @jarznar: Hey if your name is Ashley and you‚Äôre dating a guy named David (tall, built, white) he‚Äôs talking mad shit about you in front o‚Ä¶",140,"['RT', 'jarznar', 'Hey', 'name', 'Ashley', 'date', 'guy', 'name', 'David', 'tall', 'build', 'white', 'talk', 'mad', 'shit', 'front']"
199,1,RT @AriDrennen: Remember the story about a Starbucks employee writing ‚Äúpig‚Äù on a coffee order for police officers? The employee who did it‚Ä¶,139,"['RT', 'AriDrennen', 'Remember', 'story', 'Starbucks', 'employee', 'write', 'pig', 'coffee', 'order', 'police', 'officer', 'employee']"
200,1,RT @AriDrennen: Remember the story about a Starbucks employee writing ‚Äúpig‚Äù on a coffee order for police officers? The employee who did it‚Ä¶,139,"['RT', 'AriDrennen', 'Remember', 'story', 'Starbucks', 'employee', 'write', 'pig', 'coffee', 'order', 'police', 'officer', 'employee']"
201,0,"RT @bombanta: Starbucks putting my tweet in their stores 
https://t.co/bYmJZGKJi0 https://t.co/gk1fg8M06z",105,"['RT', 'bombanta', 'Starbucks', 'put', 'tweet', 'store', 'https', 'https']"
202,0,"RT @bombanta: Starbucks putting my tweet in their stores 
https://t.co/bYmJZGKJi0 https://t.co/gk1fg8M06z",105,"['RT', 'bombanta', 'Starbucks', 'put', 'tweet', 'store', 'https', 'https']"
203,0,"RT @bombanta: Starbucks putting my tweet in their stores 
https://t.co/bYmJZGKJi0 https://t.co/gk1fg8M06z",105,"['RT', 'bombanta', 'Starbucks', 'put', 'tweet', 'store', 'https', 'https']"
204,1,"RT @argumentwinner: not that anybody ever doubted me, but it turns out i was absolutely right about this and it was a plot to get someone f‚Ä¶",140,"['RT', 'argumentwinner', 'anybody', 'ever', 'doubt', 'turn', 'absolutely', 'right', 'plot', 'get', 'someone']"
205,1,RT @MuellerDad69: I‚Äôm the manager of a Starbucks in Charlotte NC. I have informed my employees that they will be fired on the spot if I hea‚Ä¶,140,"['RT', 'manager', 'Starbucks', 'Charlotte', 'NC', 'inform', 'employees', 'fire', 'spot']"
206,1,me happily holding my cup of overpriced starbucks coffee https://t.co/wRFnEnnchS,80,"['happily', 'hold', 'cup', 'overprice', 'starbucks', 'coffee', 'https']"
207,1,RT @Iasshoe: white girls @ starbucks b like : lemme get uh https://t.co/Jz2QtmpImG,82,"['RT', 'Iasshoe', 'white', 'girls', 'starbucks', 'b', 'like', 'lem', 'get', 'uh', 'https']"
208,0,"RT @bombanta: Starbucks putting my tweet in their stores 
https://t.co/bYmJZGKJi0 https://t.co/gk1fg8M06z",105,"['RT', 'bombanta', 'Starbucks', 'put', 'tweet', 'store', 'https', 'https']"
209,0,"RT @bombanta: Starbucks putting my tweet in their stores 
https://t.co/bYmJZGKJi0 https://t.co/gk1fg8M06z",105,"['RT', 'bombanta', 'Starbucks', 'put', 'tweet', 'store', 'https', 'https']"
210,1,RT @AriDrennen: Remember the story about a Starbucks employee writing ‚Äúpig‚Äù on a coffee order for police officers? The employee who did it‚Ä¶,139,"['RT', 'AriDrennen', 'Remember', 'story', 'Starbucks', 'employee', 'write', 'pig', 'coffee', 'order', 'police', 'officer', 'employee']"
211,0,"RT @bombanta: Starbucks putting my tweet in their stores 
https://t.co/bYmJZGKJi0 https://t.co/gk1fg8M06z",105,"['RT', 'bombanta', 'Starbucks', 'put', 'tweet', 'store', 'https', 'https']"
212,0,"RT @bombanta: Starbucks putting my tweet in their stores 
https://t.co/bYmJZGKJi0 https://t.co/gk1fg8M06z",105,"['RT', 'bombanta', 'Starbucks', 'put', 'tweet', 'store', 'https', 'https']"
213,1,"RT @argumentwinner: not that anybody ever doubted me, but it turns out i was absolutely right about this and it was a plot to get someone f‚Ä¶",140,"['RT', 'argumentwinner', 'anybody', 'ever', 'doubt', 'turn', 'absolutely', 'right', 'plot', 'get', 'someone']"
214,1,RT @MuellerDad69: I‚Äôm the manager of a Starbucks in Charlotte NC. I have informed my employees that they will be fired on the spot if I hea‚Ä¶,140,"['RT', 'manager', 'Starbucks', 'Charlotte', 'NC', 'inform', 'employees', 'fire', 'spot']"
215,1,"I worked at Starbucks for a week, I couldn‚Äôt handle customers being assholes over their coffee being 10 degrees too‚Ä¶ https://t.co/CuC5YdLZ33",140,"['work', 'Starbucks', 'week', 'handle', 'customers', 'assholes', 'coffee', 'degrees', 'https']"
216,0,Wow ü§© https://t.co/7wUvbKNsWo,29,"['Wow', 'https']"
217,1,RT @Iasshoe: white girls @ starbucks b like : lemme get uh https://t.co/Jz2QtmpImG,82,"['RT', 'Iasshoe', 'white', 'girls', 'starbucks', 'b', 'like', 'lem', 'get', 'uh', 'https']"
218,0,@AtlanticCityKid @MuellerDad69 @Starbucks Certainly,51,"['AtlanticCityKid', 'Starbucks', 'Certainly']"
219,1,"RT @Ninja: The girls at the Starbucks drive through asked for my name, I said Tyler. Pulled up and saw them talking and smiling and they wr‚Ä¶",140,"['RT', 'Ninja', 'girls', 'Starbucks', 'drive', 'ask', 'name', 'say', 'Tyler', 'Pulled', 'saw', 'talk', 'smile']"
220,0,"RT @bombanta: Starbucks putting my tweet in their stores 
https://t.co/bYmJZGKJi0 https://t.co/gk1fg8M06z",105,"['RT', 'bombanta', 'Starbucks', 'put', 'tweet', 'store', 'https', 'https']"
221,1,"#StarbucksRule #12: #Starbucks = #StealYourBucks

#badservice #badcustomerservice #scam #ripoff‚Ä¶ https://t.co/5WlpoxPunC",120,"['StarbucksRule', 'Starbucks', 'StealYourBucks', 'badservice', 'badcustomerservice', 'scam', 'https']"
222,0,"RT @bombanta: Starbucks putting my tweet in their stores 
https://t.co/bYmJZGKJi0 https://t.co/gk1fg8M06z",105,"['RT', 'bombanta', 'Starbucks', 'put', 'tweet', 'store', 'https', 'https']"
223,1,RT @awjiminie: yoongi is literally The Caffeinated College Gay‚Ñ¢Ô∏è that is always running late to class but somehow has enough time to pick u‚Ä¶,140,"['RT', 'awjiminie', 'yoongi', 'literally', 'Caffeinated', 'College', 'always', 'run', 'late', 'class', 'somehow', 'enough', 'time', 'pick']"
224,0,"I'm at @Starbucks in Kuwait City, Al Asimah https://t.co/wR1WONKQIf",67,"['Starbucks', 'Kuwait', 'City', 'Al', 'Asimah', 'https']"
225,0,This #Retail job might be a great fit for you. Click the link in our bio to see it and more. barista - Store# 11719‚Ä¶ https://t.co/8j88j1jLln,140,"['Retail', 'job', 'might', 'great', 'fit', 'Click', 'link', 'bio', 'see', 'barista', 'Store', 'https']"
226,0,"@VreeburgDaan @wazua It was inevitable as we have been replacing coffee bushes with palacial homes, apartments and‚Ä¶ https://t.co/vID2TgrTPz",139,"['VreeburgDaan', 'wazua', 'inevitable', 'replace', 'coffee', 'bush', 'palacial', 'home', 'apartments', 'https']"
227,0,"RT @sed_potato: Things you can't see in Pakistan
- Starbucks
- Instagram music
- Spotify
- People minding their own business",124,"['RT', 'sed_potato', 'Things', 'ca', 'see', 'Pakistan', 'Starbucks', 'Instagram', 'music', 'Spotify', 'People', 'mind', 'business']"
228,1,"@ starbucks cashier boy, yre cute but pls don't stare at me it creeps me out",76,"['starbucks', 'cashier', 'boy', 'yre', 'cute', 'pls', 'stare', 'creep']"
229,1,RT @AriDrennen: Remember the story about a Starbucks employee writing ‚Äúpig‚Äù on a coffee order for police officers? The employee who did it‚Ä¶,139,"['RT', 'AriDrennen', 'Remember', 'story', 'Starbucks', 'employee', 'write', 'pig', 'coffee', 'order', 'police', 'officer', 'employee']"
230,0,Going on a trip? Want to have a statement towel/blanket? Want a cute transparent bag? We've heard you. This kit is‚Ä¶ https://t.co/zkx72g3uD9,139,"['Going', 'trip', 'Want', 'statement', 'Want', 'cute', 'transparent', 'bag', 'hear', 'kit', 'https']"
231,1,RT @AriDrennen: Remember the story about a Starbucks employee writing ‚Äúpig‚Äù on a coffee order for police officers? The employee who did it‚Ä¶,139,"['RT', 'AriDrennen', 'Remember', 'story', 'Starbucks', 'employee', 'write', 'pig', 'coffee', 'order', 'police', 'officer', 'employee']"
232,0,I want Starbucks ):,19,"['want', 'Starbucks']"
233,0,"RT @bombanta: Starbucks putting my tweet in their stores 
https://t.co/bYmJZGKJi0 https://t.co/gk1fg8M06z",105,"['RT', 'bombanta', 'Starbucks', 'put', 'tweet', 'store', 'https', 'https']"
234,1,"This thread let me know conservatives think they know the constitution, but actually don‚Äôt know how it‚Äôs applied",112,"['thread', 'let', 'know', 'conservatives', 'think', 'know', 'constitution', 'actually', 'know', 'apply']"
235,0,"RT @bombanta: Starbucks putting my tweet in their stores 
https://t.co/bYmJZGKJi0 https://t.co/gk1fg8M06z",105,"['RT', 'bombanta', 'Starbucks', 'put', 'tweet', 'store', 'https', 'https']"
236,0,RT @_steephz: I want Starbucks ):,33,"['RT', 'steephz', 'want', 'Starbucks']"
237,0,"RT @bombanta: Starbucks putting my tweet in their stores 
https://t.co/bYmJZGKJi0 https://t.co/gk1fg8M06z",105,"['RT', 'bombanta', 'Starbucks', 'put', 'tweet', 'store', 'https', 'https']"
238,0,@danofthewibble There was a great local coffee shop in Central Station.  Starbucks and Cafe Nero close by but not t‚Ä¶ https://t.co/4dyCr6vyWK,140,"['danofthewibble', 'great', 'local', 'coffee', 'shop', 'Central', 'Station', 'Starbucks', 'Cafe', 'Nero', 'close', 'https']"
239,1,RT @AriDrennen: Remember the story about a Starbucks employee writing ‚Äúpig‚Äù on a coffee order for police officers? The employee who did it‚Ä¶,139,"['RT', 'AriDrennen', 'Remember', 'story', 'Starbucks', 'employee', 'write', 'pig', 'coffee', 'order', 'police', 'officer', 'employee']"
240,1,"Welp. Apparently, I got 12 stars in my Starbucks card and I was able to avail a Dark Mocha Frapp. #MBNüôÇ",103,"['Welp', 'Apparently', 'get', 'star', 'Starbucks', 'card', 'able', 'avail', 'Dark', 'Mocha', 'Frapp']"
241,0,"RT @RachieBabe079: Tried this coffee at nfr in vegas last week. DELICIOUS!

Veteran-owned coffee company donates to Oklahoma police bashed‚Ä¶",139,"['RT', 'Tried', 'coffee', 'nfr', 'vegas', 'last', 'week', 'DELICIOUS', 'coffee', 'company', 'donate', 'Oklahoma', 'police']"
242,0,"RT @bombanta: Starbucks putting my tweet in their stores 
https://t.co/bYmJZGKJi0 https://t.co/gk1fg8M06z",105,"['RT', 'bombanta', 'Starbucks', 'put', 'tweet', 'store', 'https', 'https']"
243,1,Management and Shareholders of Starbucks: Starbucks to stop giving franchise to Hong Kong Maxim‚Äôs group. ËÅØÁΩ≤Ë¶ÅÊ±ÇStarbu‚Ä¶ https://t.co/PofNccGelz,140,"['Management', 'Shareholders', 'Starbucks', 'Starbucks', 'stop', 'give', 'franchise', 'Hong', 'Kong', 'Maxim', 'group', 'https']"
244,1,"RT @DarkSoulsSauron: yo, ex barista here: to circumnavigate the profanity filters on starbucks POS, you'd need to make PIG your account nam‚Ä¶",140,"['RT', 'DarkSoulsSauron', 'yo', 'ex', 'barista', 'circumnavigate', 'profanity', 'filter', 'starbucks', 'POS', 'need', 'make', 'PIG', 'account']"
245,0,"RT @bombanta: Starbucks putting my tweet in their stores 
https://t.co/bYmJZGKJi0 https://t.co/gk1fg8M06z",105,"['RT', 'bombanta', 'Starbucks', 'put', 'tweet', 'store', 'https', 'https']"
246,1,"RT @argumentwinner: not that anybody ever doubted me, but it turns out i was absolutely right about this and it was a plot to get someone f‚Ä¶",140,"['RT', 'argumentwinner', 'anybody', 'ever', 'doubt', 'turn', 'absolutely', 'right', 'plot', 'get', 'someone']"
247,0,"RT @bombanta: Starbucks putting my tweet in their stores 
https://t.co/bYmJZGKJi0 https://t.co/gk1fg8M06z",105,"['RT', 'bombanta', 'Starbucks', 'put', 'tweet', 'store', 'https', 'https']"
248,1,RT @AriDrennen: Remember the story about a Starbucks employee writing ‚Äúpig‚Äù on a coffee order for police officers? The employee who did it‚Ä¶,139,"['RT', 'AriDrennen', 'Remember', 'story', 'Starbucks', 'employee', 'write', 'pig', 'coffee', 'order', 'police', 'officer', 'employee']"
249,0,"I'm at Starbucks in Al Jahra, Al Jahrah https://t.co/bl2v8pfacJ",63,"['Starbucks', 'Al', 'Jahra', 'Al', 'Jahrah', 'https']"
250,0,Bila Starbucks malaysia nak buat pick up option from the apps and tunjuk calorie for each drinks hehehhehe....,110,"['Bila', 'Starbucks', 'malaysia', 'nak', 'buat', 'pick', 'option', 'apps', 'tunjuk', 'calorie', 'drink', 'hehehhehe']"
251,1,"RT @argumentwinner: not that anybody ever doubted me, but it turns out i was absolutely right about this and it was a plot to get someone f‚Ä¶",140,"['RT', 'argumentwinner', 'anybody', 'ever', 'doubt', 'turn', 'absolutely', 'right', 'plot', 'get', 'someone']"
252,0,"Person: It's the festive season, I really fancy a mince pie, going Starbucks Coffee for one later and I am going to‚Ä¶ https://t.co/KU4cVwHQiA",140,"['Person', 'festive', 'season', 'really', 'fancy', 'mince', 'pie', 'go', 'Starbucks', 'Coffee', 'one', 'later', 'go', 'https']"
253,1,"RT @argumentwinner: not that anybody ever doubted me, but it turns out i was absolutely right about this and it was a plot to get someone f‚Ä¶",140,"['RT', 'argumentwinner', 'anybody', 'ever', 'doubt', 'turn', 'absolutely', 'right', 'plot', 'get', 'someone']"
254,0,RT @KVUE: Starbucks to open two locations at Austin airport https://t.co/8rBebE37G8,83,"['RT', 'KVUE', 'Starbucks', 'open', 'two', 'locations', 'Austin', 'airport', 'https']"
255,0,"I'm at Starbucks in Al Kuwayt, Al Farwaniyah https://t.co/QD2KQLwMrU https://t.co/lWSQfZdKfD",92,"['Starbucks', 'Al', 'Kuwayt', 'Al', 'Farwaniyah', 'https', 'https']"
256,1,RT @AriDrennen: Remember the story about a Starbucks employee writing ‚Äúpig‚Äù on a coffee order for police officers? The employee who did it‚Ä¶,139,"['RT', 'AriDrennen', 'Remember', 'story', 'Starbucks', 'employee', 'write', 'pig', 'coffee', 'order', 'police', 'officer', 'employee']"
257,0,"I'm at Starbucks in ‰∫¨ÈÉΩÂ∏Ç, ‰∫¨ÈÉΩÂ∫ú https://t.co/XKLmlOo9kv",52,"['Starbucks', '‰∫¨ÈÉΩÂ∏Ç', '‰∫¨ÈÉΩÂ∫ú', 'https']"
258,1,"RT @RVAwonk: So, regarding the faux controversy over the Starbucks cup: The employee who wrote ‚Äúpig‚Äù on the cop‚Äôs cup was friends with the‚Ä¶",139,"['RT', 'RVAwonk', 'regard', 'faux', 'controversy', 'Starbucks', 'cup', 'employee', 'write', 'pig', 'cop', 'cup', 'friends']"
259,0,"RT @bombanta: Starbucks putting my tweet in their stores 
https://t.co/bYmJZGKJi0 https://t.co/gk1fg8M06z",105,"['RT', 'bombanta', 'Starbucks', 'put', 'tweet', 'store', 'https', 'https']"
260,0,"Click the link in our bio to see currently open #IT jobs like ""senior business systems analyst"" at Starbucks in England.",120,"['Click', 'link', 'bio', 'see', 'currently', 'open', 'job', 'like', 'senior', 'business', 'systems', 'analyst', 'Starbucks', 'England']"
261,0,RT @sistahoppet: emm√®ne l√† au starbucks https://t.co/EP1Trh8LAo,63,"['RT', 'sistahoppet', 'emm√®ne', 'l√†', 'au', 'starbucks', 'https']"
262,0,"I'm finally in the airport through security- now it's time for the usual Starbucks and ham and cheese croissant! 
#DublinAirport #OnMeJollys",140,"['finally', 'airport', 'security', 'time', 'usual', 'Starbucks', 'ham', 'cheese', 'croissant', 'DublinAirport', 'OnMeJollys']"
263,0,RT @Bigpikachu1: @argumentwinner Why can no one fucking Google things https://t.co/InvwWczWBH,93,"['RT', 'argumentwinner', 'one', 'fuck', 'Google', 'things', 'https']"
264,0,anw i cant wait to have a breakdown in starbucks lmao ü•¥ü§ôüèº,57,"['anw', 'cant', 'wait', 'breakdown', 'starbucks', 'lmao']"
265,0,"I'm at Starbucks in Al Kuwayt, Al Farwaniyah https://t.co/Oov363IsGQ",68,"['Starbucks', 'Al', 'Kuwayt', 'Al', 'Farwaniyah', 'https']"
266,0,RT @garvageart: Why are you putting a metal straw into a plastic Starbucks cup Megan?,85,"['RT', 'garvageart', 'put', 'metal', 'straw', 'plastic', 'Starbucks', 'cup', 'Megan']"
267,0,"RT @bombanta: Starbucks putting my tweet in their stores 
https://t.co/bYmJZGKJi0 https://t.co/gk1fg8M06z",105,"['RT', 'bombanta', 'Starbucks', 'put', 'tweet', 'store', 'https', 'https']"
268,1,"RT @argumentwinner: not that anybody ever doubted me, but it turns out i was absolutely right about this and it was a plot to get someone f‚Ä¶",140,"['RT', 'argumentwinner', 'anybody', 'ever', 'doubt', 'turn', 'absolutely', 'right', 'plot', 'get', 'someone']"
269,1,"RT @argumentwinner: not that anybody ever doubted me, but it turns out i was absolutely right about this and it was a plot to get someone f‚Ä¶",140,"['RT', 'argumentwinner', 'anybody', 'ever', 'doubt', 'turn', 'absolutely', 'right', 'plot', 'get', 'someone']"
270,1,"RT @Ninja: The girls at the Starbucks drive through asked for my name, I said Tyler. Pulled up and saw them talking and smiling and they wr‚Ä¶",140,"['RT', 'Ninja', 'girls', 'Starbucks', 'drive', 'ask', 'name', 'say', 'Tyler', 'Pulled', 'saw', 'talk', 'smile']"
271,1,"RT @argumentwinner: not that anybody ever doubted me, but it turns out i was absolutely right about this and it was a plot to get someone f‚Ä¶",140,"['RT', 'argumentwinner', 'anybody', 'ever', 'doubt', 'turn', 'absolutely', 'right', 'plot', 'get', 'someone']"
272,0,"RT @bombanta: Starbucks putting my tweet in their stores 
https://t.co/bYmJZGKJi0 https://t.co/gk1fg8M06z",105,"['RT', 'bombanta', 'Starbucks', 'put', 'tweet', 'store', 'https', 'https']"
273,0,Check out DISNEY Parks EPCOT 3rd Version STARBUCKS You are Here MUG - NEW IN BOX https://t.co/SvyFHOjixx @eBay,110,"['Check', 'DISNEY', 'Parks', 'EPCOT', 'Version', 'STARBUCKS', 'MUG', 'NEW', 'BOX', 'https', 'eBay']"
